開始時間,終了時間,非表示状態,1位プレイヤー名,1位PT,1位最終点数,2位プレイヤー名,2位PT,2位最終点数,3位プレイヤー名,3位PT,3位最終点数,4位プレイヤー名,4位PT,4位最終点数,牌譜リンク,備考
2025-09-29 23:59:43,2025-09-30 00:52:47,no,[JP][113140034]クロミです,47700,52.7,[JP][135989001]ちたーふ,28200,3.2,[JP][99489737]閄くん,17300,-17.7,[JP][103999753]kotetsu0422,6800,-38.2,250929-b8c95b66-5994-48f4-b47f-c25bf7047ab8,
2025-09-29 23:12:41,2025-09-29 23:57:09,no,[JP][99489737]閄くん,36200,41.2,[JP][103999753]kotetsu0422,35700,10.7,[JP][113140034]クロミです,16500,-18.5,[JP][135989001]ちたーふ,11600,-33.4,250929-86751fca-6846-4b5e-8805-fb2879076a3e,
2025-09-29 22:26:17,2025-09-29 23:03:51,no,[JP][91238981]こりまる。,53800,58.8,[JP][135989001]ちたーふ,42200,17.2,[JP][86425605]suzuken3,10800,-24.2,[JP][139649794]SaRa,-6800,-51.8,250929-25580f93-18b9-4a58-9ceb-ad5cd3015979,
2025-09-29 22:18:35,2025-09-29 23:01:06,no,[JP][103473217]ねこぜ7272,42400,47.4,[JP][103136012]ルート12345,25800,0.8,[JP][113140034]クロミです,19000,-16,[JP][103999753]kotetsu0422,12800,-32.2,250929-58158fd9-7453-4c75-8bce-adf4cecc3a61,
2025-09-29 21:08:19,2025-09-29 22:17:31,no,[JP][115450126]Kasumisou,49800,54.8,[JP][91238981]こりまる。,43600,18.6,[JP][135989001]ちたーふ,11800,-23.2,[JP][121764162]さめ1205,-5200,-50.2,250929-b2b32863-66c0-41dd-8c47-48371992c327,
2025-09-29 20:27:31,2025-09-29 21:01:14,no,[JP][135989001]ちたーふ,43100,48.1,[JP][122700559]ひつじ04,38100,13.1,[JP][103999753]kotetsu0422,19400,-15.6,[JP][103136012]ルート12345,-600,-45.6,250929-57874d20-b520-40d3-836c-a61f6f541cc5,
2025-09-29 19:21:18,2025-09-29 20:20:18,no,[JP][103136012]ルート12345,55700,60.7,[JP][103999753]kotetsu0422,39000,14,[JP][135989001]ちたーふ,6400,-28.6,[JP][86425605]suzuken3,-1100,-46.1,250929-4c3dd540-f89b-4745-9001-ab645cd6826b,
2025-09-29 17:10:04,2025-09-29 17:47:49,no,[JP][96350216]HARUBOKKURl,35900,40.9,[JP][103058248]にへぴ,34600,9.6,[JP][122700559]ひつじ04,24600,-10.4,[JP][121764162]さめ1205,4900,-40.1,250929-36779246-739e-49b6-9569-b1507939a213,
2025-09-29 15:11:45,2025-09-29 15:59:37,no,[JP][86425605]suzuken3,41900,46.9,[JP][121764162]さめ1205,41800,16.8,[JP][103136012]ルート12345,17000,-18,[JP][139649794]SaRa,-700,-45.7,250929-2f3a2d5f-c4d7-4b6f-a354-0f9794a014bb,
2025-09-29 14:34:32,2025-09-29 15:08:25,no,[JP][122700559]ひつじ04,51500,56.5,[JP][139649794]SaRa,24700,-0.3,[JP][121764162]さめ1205,14400,-20.6,[JP][103136012]ルート12345,9400,-35.6,250929-065e1768-7583-4eb3-90f0-4d16f62a0d19,
2025-09-29 11:33:54,2025-09-29 12:19:23,no,[JP][103136012]ルート12345,36600,41.6,[JP][139649794]SaRa,25200,0.2,[JP][135989001]ちたーふ,20800,-14.2,[JP][135693384]Set4fi1,17400,-27.6,250929-bc02ff1f-7fe8-4683-b0dc-99f75e3186bb,
2025-09-29 10:47:58,2025-09-29 11:31:35,no,[JP][103136012]ルート12345,34200,39.2,[JP][135989001]ちたーふ,28100,3.1,[JP][139649794]SaRa,18900,-16.1,[JP][99489737]閄くん,18800,-26.2,250929-3c968fd7-961e-4784-85e3-40b0205d352e,
2025-09-29 09:56:23,2025-09-29 10:45:30,no,[JP][86425605]suzuken3,54300,59.3,[JP][103136012]ルート12345,21600,-3.4,[JP][99489737]閄くん,18400,-16.6,[JP][116665987]ここあこあ,5700,-39.3,250929-5722eb4d-d87d-4718-8e0a-c482ec3512b1,
2025-09-28 21:56:52,2025-09-28 23:10:57,no,[JP][113140034]クロミです,58700,63.7,[JP][135989001]ちたーふ,51400,26.4,[JP][115450126]Kasumisou,300,-34.7,[JP][99489737]閄くん,-10400,-55.4,250928-48a66eaf-a80a-4c1e-86fe-8388c9ba45fd,
2025-09-28 21:06:55,2025-09-28 21:50:37,no,[JP][135989001]ちたーふ,42300,47.3,[JP][103136012]ルート12345,26500,1.5,[JP][113140034]クロミです,21200,-13.8,[JP][99489737]閄くん,10000,-35,250928-78de9d87-e41f-4b93-a613-22371cef01bc,
2025-09-28 20:18:16,2025-09-28 21:01:17,no,[JP][86425605]suzuken3,72300,77.3,[JP][132681351]岡崎犬,22400,-2.6,[JP][101054662]ほかほか亭白米,8800,-26.2,[JP][131200909]みそ汁だけ定食,-3500,-48.5,250928-d9e96060-e2db-4683-b370-989eed754162,
2025-09-28 19:42:36,2025-09-28 20:10:40,no,[JP][132681351]岡崎犬,39900,44.9,[JP][86425605]suzuken3,24900,-0.1,[JP][131200909]みそ汁だけ定食,24200,-10.8,[JP][139649794]SaRa,11000,-34,250928-fcdf6c69-3723-41e3-8dfd-9f2b69c7d6f3,
2025-09-27 18:46:46,2025-09-27 19:49:21,no,[JP][103136012]ルート12345,48700,53.7,[JP][132681351]岡崎犬,30800,5.8,[JP][113140034]クロミです,21800,-13.2,[JP][120456387]れもんじゅるる,-1300,-46.3,250927-2ae85bbd-569e-4d68-a397-f6f3751a6a20,
2025-09-26 22:38:12,2025-09-26 23:16:37,no,[JP][111618696]西野園綾音,47000,52,[JP][86425605]suzuken3,27100,2.1,[JP][121446473]Akise299,15700,-19.3,[JP][139649794]SaRa,10200,-34.8,250926-65e50ad3-7ca9-43b7-9f2a-d9bf122cea21,
2025-09-26 21:40:39,2025-09-26 22:27:08,no,[JP][121446473]Akise299,49800,54.8,[JP][86425605]suzuken3,27200,2.2,[JP][132681351]岡崎犬,14100,-20.9,[JP][111618696]西野園綾音,8900,-36.1,250926-f71fb02f-b055-4781-9ad9-76d7d67d2c7c,
2025-09-26 20:44:01,2025-09-26 21:36:47,no,[JP][132681351]岡崎犬,41800,46.8,[JP][111618696]西野園綾音,40100,15.1,[JP][86425605]suzuken3,15400,-19.6,[JP][122700559]ひつじ04,2700,-42.3,250926-4f2e7b1c-653e-41d6-9857-8f84e0dc6201,
2025-09-25 23:09:11,2025-09-25 23:54:32,no,[JP][135989001]ちたーふ,40900,45.9,[JP][99489737]閄くん,30200,5.2,[JP][91238981]こりまる。,20500,-14.5,[JP][103473217]ねこぜ7272,8400,-36.6,250925-44139d0b-f4b2-40b2-823c-b9e0c08c7690,
2025-09-25 22:16:56,2025-09-25 23:06:59,no,[JP][103473217]ねこぜ7272,83900,88.9,[JP][99489737]閄くん,11300,-13.7,[JP][91238981]こりまる。,4000,-31,[JP][115450126]Kasumisou,800,-44.2,250925-e13c9456-5e50-46e3-ac12-76c368caa399,
2025-09-25 21:42:01,2025-09-25 22:11:55,no,[JP][139649794]SaRa,45100,50.1,[JP][99489737]閄くん,29900,4.9,[JP][135989001]ちたーふ,19200,-15.8,[JP][115450126]Kasumisou,5800,-39.2,250925-2fdd670a-8d9a-41c0-9e6f-e30e97db86df,
2025-09-25 17:24:33,2025-09-25 18:06:26,no,[JP][86425605]suzuken3,46300,51.3,[JP][132681351]岡崎犬,20900,-4.1,[JP][139649794]SaRa,19300,-15.7,[JP][103136012]ルート12345,13500,-31.5,250925-bb4880ac-8ced-4165-84f8-719a0f9446cd,
2025-09-25 16:40:31,2025-09-25 17:19:00,no,[JP][132681351]岡崎犬,36100,41.1,[JP][86425605]suzuken3,28800,3.8,[JP][120818763]万年雀聖ちゃん,22600,-12.4,[JP][103136012]ルート12345,12500,-32.5,250925-9d4c3ad9-519e-4dc5-8aed-c24b8b183f3a,
2025-09-24 22:00:26,2025-09-24 23:02:12,no,[JP][103999753]kotetsu0422,49000,54,[JP][113140034]クロミです,30500,5.5,[JP][103473217]ねこぜ7272,10400,-24.6,[JP][135989001]ちたーふ,10100,-34.9,250924-118e03da-d72b-4e17-a5f2-c525117e5af1,
2025-09-24 21:02:42,2025-09-24 21:50:11,no,[JP][135989001]ちたーふ,46100,51.1,[JP][140723146]琴音04,39700,14.7,[JP][113140034]クロミです,16600,-18.4,[JP][103999753]kotetsu0422,-2400,-47.4,250924-dc050dd5-b1b8-4711-81c6-3b94ea3a04b7,
2025-09-24 20:48:15,2025-09-24 21:36:04,no,[JP][110084301]かんんちゃ,52400,57.4,[JP][120456387]れもんじゅるる,19800,-5.2,[JP][103136012]ルート12345,16800,-18.2,[JP][115450126]Kasumisou,11000,-34,250924-38e30e02-d2d2-4bf6-a905-ecb12d2db555,
2025-09-23 14:28:20,2025-09-23 15:12:47,no,[JP][120456387]れもんじゅるる,38900,43.9,[JP][113140034]クロミです,35700,10.7,[JP][91238981]こりまる。,16400,-18.6,[JP][103999753]kotetsu0422,9000,-36,250923-2f4ee143-a698-4f56-a67f-0a78ce0f7bad,
2025-09-21 23:36:02,2025-09-22 00:18:20,no,[JP][135989001]ちたーふ,42200,47.2,[JP][115450126]Kasumisou,32300,7.3,[JP][103136012]ルート12345,23400,-11.6,[JP][113140034]クロミです,2100,-42.9,250921-4757d094-1c43-4a54-a888-f55598535e99,
2025-09-21 22:33:10,2025-09-21 23:25:50,no,[JP][103136012]ルート12345,38800,43.8,[JP][135989001]ちたーふ,23800,-1.2,[JP][113140034]クロミです,21100,-13.9,[JP][89979849]ローレメット,16300,-28.7,250921-e9abf1b2-099d-4925-86ab-0ff1174ce9c7,
2025-09-21 21:31:30,2025-09-21 22:26:33,no,[JP][103136012]ルート12345,42800,47.8,[JP][89979849]ローレメット,28800,3.8,[JP][91238981]こりまる。,18700,-16.3,[JP][113140034]クロミです,9700,-35.3,250921-8c74eb1f-8f05-448e-a76f-aabcb3374e3e,
2025-09-21 20:48:47,2025-09-21 21:21:53,no,[JP][96350216]HARUBOKKURl,64000,69,[JP][122700559]ひつじ04,24100,-0.9,[JP][86425605]suzuken3,6000,-29,[JP][77651906]うっかりゆるる,5900,-39.1,250921-abf1b2a1-0000-48cc-a5fd-a0008383d91c,
2025-09-21 20:36:41,2025-09-21 21:18:37,no,[JP][115450126]Kasumisou,40900,45.9,[JP][103136012]ルート12345,24600,-0.4,[JP][113140034]クロミです,23300,-11.7,[JP][89979849]ローレメット,11200,-33.8,250921-baf40a9c-8baf-4a14-b5fe-2c3cbdfe59ca,
2025-09-21 20:22:17,2025-09-21 20:45:49,no,[JP][77651906]うっかりゆるる,31700,36.7,[JP][139649794]SaRa,28000,3,[JP][96350216]HARUBOKKURl,25100,-9.9,[JP][86425605]suzuken3,15200,-29.8,250921-15cf6dd5-02b1-47f7-83ab-14263b8894a9,
2025-09-20 00:09:17,2025-09-20 01:22:26,no,[JP][113140034]クロミです,34700,39.7,[JP][115450126]Kasumisou,30200,5.2,[JP][135989001]ちたーふ,20900,-14.1,[JP][111618696]西野園綾音,14200,-30.8,250919-27e074db-ef58-4087-bb81-6090b06ac924,
2025-09-19 23:15:04,2025-09-20 00:03:33,no,[JP][135989001]ちたーふ,54800,59.8,[JP][113140034]クロミです,37400,12.4,[JP][91238981]こりまる。,10400,-24.6,[JP][111618696]西野園綾音,-2600,-47.6,250919-dd9c69f7-0f37-48d5-8455-affa925327f1,
2025-09-19 22:11:22,2025-09-19 23:10:29,no,[JP][103136012]ルート12345,45700,50.7,[JP][111618696]西野園綾音,44700,19.7,[JP][135989001]ちたーふ,11800,-23.2,[JP][91238981]こりまる。,-2200,-47.2,250919-660112f4-4938-4c5a-b849-e5e65e9b42ca,
2025-09-19 22:03:32,2025-09-19 22:58:13,no,[JP][86425605]suzuken3,47800,52.8,[JP][103473217]ねこぜ7272,44700,19.7,[JP][113140034]クロミです,27500,-7.5,[JP][99489737]閄くん,-20000,-65,250919-ee1e3b19-ec86-47da-8599-8491921d5368,
2025-09-18 23:50:22,2025-09-19 00:27:09,no,[JP][99489737]閄くん,43700,48.7,[JP][113140034]クロミです,30200,5.2,[JP][99259658]CVココア,30100,-4.9,[JP][135989001]ちたーふ,-4000,-49,250918-5234211f-7170-4872-9e02-2ca95e30d452,
2025-09-18 23:14:49,2025-09-18 23:57:36,no,[JP][135693384]Set4fi1,55700,60.7,[JP][101672072]きょーか8,23200,-1.8,[JP][103999753]kotetsu0422,13400,-21.6,[JP][103473217]ねこぜ7272,7700,-37.3,250918-6f7b8bc3-975d-414f-9c1f-7598a96d179f,
2025-09-18 22:30:11,2025-09-18 23:28:35,no,[JP][99259658]CVココア,43000,48,[JP][99489737]閄くん,32800,7.8,[JP][135989001]ちたーふ,32800,-2.2,[JP][113140034]クロミです,-8600,-53.6,250918-2503e4fb-b299-487f-bc3f-3976e0e72a40,
2025-09-18 00:18:36,2025-09-18 01:33:10,no,[JP][115450126]Kasumisou,55800,60.8,[JP][113140034]クロミです,43200,18.2,[JP][135989001]ちたーふ,28100,-6.9,[JP][135693384]Set4fi1,-27100,-72.1,250917-4e1fa1bb-f1d9-4641-9ee3-cb19fff5c339,
2025-09-17 23:20:27,2025-09-18 00:14:49,no,[JP][135989001]ちたーふ,41200,46.2,[JP][99489737]閄くん,36500,11.5,[JP][113140034]クロミです,12700,-22.3,[JP][115450126]Kasumisou,9600,-35.4,250917-b4c11562-4b47-401c-a9c7-30fa404f9378,
2025-09-17 22:39:16,2025-09-17 23:32:43,no,[JP][103999753]kotetsu0422,39500,44.5,[JP][103473217]ねこぜ7272,31400,6.4,[JP][101672072]きょーか8,22000,-13,[JP][135693384]Set4fi1,7100,-37.9,250917-d2802377-1d58-4c21-9c95-2b044c9b5648,
2025-09-17 22:29:15,2025-09-17 23:16:44,no,[JP][135989001]ちたーふ,40700,45.7,[JP][113140034]クロミです,23800,-1.2,[JP][110084301]かんんちゃ,23700,-11.3,[JP][115450126]Kasumisou,11800,-33.2,250917-e6fb7883-280e-4fd8-b05a-ac6dfc44c101,
2025-09-17 21:30:54,2025-09-17 22:25:48,no,[JP][101672072]きょーか8,60500,65.5,[JP][103999753]kotetsu0422,40100,15.1,[JP][140723146]琴音04,37400,2.4,[JP][135989001]ちたーふ,-38000,-83,250917-da429128-b71c-4929-8cc1-a8bd66bc6ff9,
2025-09-17 19:42:36,2025-09-17 20:13:27,no,[JP][86425605]suzuken3,33100,38.1,[JP][103058248]にへぴ,24500,-0.5,[JP][77651906]うっかりゆるる,23200,-11.8,[JP][122700559]ひつじ04,19200,-25.8,250917-52185cc2-5463-46bb-aca3-1b4610cb4ff2,
2025-09-16 23:45:15,2025-09-17 00:40:33,no,[JP][103999753]kotetsu0422,42600,47.6,[JP][115450126]Kasumisou,32200,7.2,[JP][113140034]クロミです,32100,-2.9,[JP][135989001]ちたーふ,-6900,-51.9,250916-52b5fdcd-9b9c-4831-b6d3-1eb4cfef5aa9,
2025-09-16 22:46:46,2025-09-16 23:30:38,no,[JP][99489737]閄くん,40500,45.5,[JP][103999753]kotetsu0422,34900,9.9,[JP][113140034]クロミです,28900,-6.1,[JP][101672072]きょーか8,-4300,-49.3,250916-30cd2200-0fc5-48c5-97c5-f30ab67d2d61,
2025-09-16 21:26:37,2025-09-16 22:39:06,no,[JP][135989001]ちたーふ,36400,41.4,[JP][99489737]閄くん,30900,5.9,[JP][116665987]ここあこあ,17100,-17.9,[JP][101054662]ほかほか亭白米,15600,-29.4,250916-8a00899c-dbad-4a80-85e7-3cd507f09c18,
2025-09-16 21:54:31,2025-09-16 22:26:25,no,[JP][122700559]ひつじ04,37900,42.9,[JP][113140034]クロミです,31100,6.1,[JP][103999753]kotetsu0422,21300,-13.7,[JP][101672072]きょーか8,9700,-35.3,250916-81b219c6-3734-43bd-b293-590bf3649bfb,
2025-09-16 16:29:55,2025-09-16 17:05:29,no,[JP][86425605]suzuken3,40300,45.3,[JP][122700559]ひつじ04,22700,-2.3,[JP][77651906]うっかりゆるる,19900,-15.1,[JP][103058248]にへぴ,17100,-27.9,250916-78cafd3a-060d-4724-a343-ae510f57a907,
2025-09-15 22:51:15,2025-09-15 23:42:35,no,[JP][101672072]きょーか8,75800,80.8,[JP][103999753]kotetsu0422,36900,11.9,[JP][135989001]ちたーふ,-4800,-39.8,[JP][139649794]SaRa,-7900,-52.9,250915-7d95429a-b7a1-4cfb-aee1-1dce9294f0a4,
2025-09-15 00:52:46,2025-09-15 01:59:54,no,[JP][91238981]こりまる。,64000,69,[JP][121446473]Akise299,21100,-3.9,[JP][103999753]kotetsu0422,8100,-26.9,[JP][113140034]クロミです,6800,-38.2,250914-0b03c037-1662-4230-aa9a-7d0b69e138d8,
2025-09-15 00:02:21,2025-09-15 00:48:55,no,[JP][135989001]ちたーふ,65600,70.6,[JP][113140034]クロミです,21300,-3.7,[JP][121446473]Akise299,11500,-23.5,[JP][91238981]こりまる。,1600,-43.4,250914-1c5a7031-0ef2-4e8a-b77d-139c4bd519f3,
2025-09-14 23:05:44,2025-09-14 23:51:19,no,[JP][130471044]やまちちまる,50800,55.8,[JP][103473217]ねこぜ7272,43200,18.2,[JP][135989001]ちたーふ,11600,-23.4,[JP][103999753]kotetsu0422,-5600,-50.6,250914-cf8aee76-a935-461e-ab94-89a770041dc7,
2025-09-14 22:16:47,2025-09-14 22:59:35,no,[JP][103999753]kotetsu0422,37400,42.4,[JP][135989001]ちたーふ,37300,12.3,[JP][122700559]ひつじ04,29500,-5.5,[JP][101054662]ほかほか亭白米,-4200,-49.2,250914-389b9800-fa58-4046-a1dc-a59f3ec7dba0,
2025-09-13 23:48:23,2025-09-14 00:58:49,no,[JP][116665987]ここあこあ,65000,70,[JP][121446473]Akise299,27300,2.3,[JP][103473217]ねこぜ7272,5600,-29.4,[JP][99489737]閄くん,2100,-42.9,250913-35b93c3e-d178-4d0e-a828-5f44f1f913ee,
2025-09-13 22:59:06,2025-09-13 23:44:39,no,[JP][116665987]ここあこあ,47900,52.9,[JP][99489737]閄くん,33200,8.2,[JP][103473217]ねこぜ7272,14900,-20.1,[JP][121446473]Akise299,4000,-41,250913-a2c8668c-05bf-4cbc-8e85-d9a5da3002fb,
2025-09-12 23:22:24,2025-09-13 00:04:35,no,[JP][135693384]Set4fi1,47600,52.6,[JP][140723146]琴音04,35600,10.6,[JP][101054662]ほかほか亭白米,26100,-8.9,[JP][103136012]ルート12345,-9300,-54.3,250912-c235eb20-b150-40e5-baaa-88165cdbd5e4,
2025-09-12 22:39:17,2025-09-12 23:09:38,no,[JP][99489737]閄くん,39700,44.7,[JP][135693384]Set4fi1,31400,6.4,[JP][101054662]ほかほか亭白米,23100,-11.9,[JP][103136012]ルート12345,5800,-39.2,250912-1e17a10a-97ac-4f7e-b686-ebac6565df24,
2025-09-12 21:51:36,2025-09-12 22:37:49,no,[JP][103136012]ルート12345,41500,46.5,[JP][135693384]Set4fi1,25400,0.4,[JP][99489737]閄くん,19400,-15.6,[JP][101054662]ほかほか亭白米,13700,-31.3,250912-71687a08-f6a4-499f-a27a-ea6994565949,
2025-09-11 21:33:26,2025-09-11 22:27:29,no,[JP][140723146]琴音04,59500,64.5,[JP][122700559]ひつじ04,24800,-0.2,[JP][103136012]ルート12345,13400,-21.6,[JP][99489737]閄くん,2300,-42.7,250911-fd637ac5-2b78-4a68-b329-365638726dee,
2025-09-09 23:23:38,2025-09-10 00:20:26,no,[JP][135989001]ちたーふ,39800,44.8,[JP][113140034]クロミです,37200,12.2,[JP][103999753]kotetsu0422,31200,-3.8,[JP][99489737]閄くん,-8200,-53.2,250909-57f30553-7f1a-4387-9005-bd409a9d6c7a,
2025-09-09 22:15:35,2025-09-09 22:43:21,no,[JP][103999753]kotetsu0422,58600,63.6,[JP][135989001]ちたーふ,20000,-5,[JP][113140034]クロミです,14100,-20.9,[JP][99489737]閄くん,7300,-37.7,250909-765d1f42-b851-48fd-be21-ad5c4e395694,
2025-09-09 21:21:05,2025-09-09 22:12:41,no,[JP][99489737]閄くん,40400,45.4,[JP][135989001]ちたーふ,25300,0.3,[JP][110084301]かんんちゃ,18300,-16.7,[JP][86425605]suzuken3,16000,-29,250909-ef07c58f-e024-40b7-93ce-bc4abba18f5b,
2025-09-09 20:57:59,2025-09-09 21:47:19,no,[JP][135693384]Set4fi1,55700,60.7,[JP][103136012]ルート12345,30200,5.2,[JP][139649794]SaRa,14200,-20.8,[JP][113140034]クロミです,-100,-45.1,250909-49783d3a-1368-4de6-bbce-da0450c2550e,
2025-09-09 20:19:20,2025-09-09 20:54:23,no,[JP][139649794]SaRa,43900,48.9,[JP][103136012]ルート12345,30700,5.7,[JP][135989001]ちたーふ,14300,-20.7,[JP][113140034]クロミです,11100,-33.9,250909-dd7f415c-e49b-43b7-9f7e-0675dd479c15,
2025-09-08 22:37:40,2025-09-08 23:11:39,no,[JP][86425605]suzuken3,34100,39.1,[JP][99489737]閄くん,28500,3.5,[JP][139649794]SaRa,23700,-11.3,[JP][96350216]HARUBOKKURl,13700,-31.3,250908-b6e001dd-0a7f-4062-a746-915373e5f786,
2025-09-08 21:37:56,2025-09-08 22:04:15,no,[JP][99489737]閄くん,31900,36.9,[JP][139649794]SaRa,27000,2,[JP][86425605]suzuken3,21600,-13.4,[JP][135989001]ちたーふ,19500,-25.5,250908-9d509ae3-9c00-48da-a71c-23c4e3fe50ce,
2025-09-08 21:00:39,2025-09-08 21:26:42,no,[JP][139649794]SaRa,35000,40,[JP][140723146]琴音04,33400,8.4,[JP][99489737]閄くん,21800,-13.2,[JP][86425605]suzuken3,9800,-35.2,250908-743d2f1c-1291-4631-9280-a6cb7642d60a,
2025-09-05 23:51:47,2025-09-06 00:41:48,no,[JP][99259658]CVココア,61500,66.5,[JP][101054662]ほかほか亭白米,22700,-2.3,[JP][103136012]ルート12345,13700,-21.3,[JP][139649794]SaRa,2100,-42.9,250905-486b7d9a-0086-415c-99e9-d2125577bd4d,
2025-09-05 23:18:36,2025-09-05 23:48:15,no,[JP][103136012]ルート12345,35500,40.5,[JP][101054662]ほかほか亭白米,25900,0.9,[JP][99259658]CVココア,24500,-10.5,[JP][139649794]SaRa,14100,-30.9,250905-a1247767-6506-44cb-a342-292db16c8a01,
2025-09-05 22:34:18,2025-09-05 23:20:40,no,[JP][135989001]ちたーふ,44000,49,[JP][99489737]閄くん,38100,13.1,[JP][113140034]クロミです,31500,-3.5,[JP][83696646]伊達の鬼,-13600,-58.6,250905-091d42d5-cce9-43b3-8696-d1404567b856,
2025-09-05 22:23:12,2025-09-05 23:07:10,no,[JP][139649794]SaRa,67600,72.6,[JP][86425605]suzuken3,32400,7.4,[JP][103136012]ルート12345,18400,-16.6,[JP][101054662]ほかほか亭白米,-18400,-63.4,250905-e7df526c-a7b7-4fa1-a185-2902c1bed264,
2025-09-05 21:50:39,2025-09-05 22:30:45,no,[JP][122700559]ひつじ04,44600,49.6,[JP][99489737]閄くん,30100,5.1,[JP][83696646]伊達の鬼,22100,-12.9,[JP][103999753]kotetsu0422,3200,-41.8,250905-bfe41e3d-4af9-4dd3-b28b-791a695df0af,
2025-09-05 21:11:17,2025-09-05 22:14:31,no,[JP][135989001]ちたーふ,45800,50.8,[JP][101054662]ほかほか亭白米,42200,17.2,[JP][103136012]ルート12345,13000,-22,[JP][86425605]suzuken3,-1000,-46,250905-38dd4eaa-b7e2-4967-bbc7-030586be63c6,
2025-09-05 20:54:11,2025-09-05 21:22:34,no,[JP][130471044]やまちちまる,51900,56.9,[JP][122700559]ひつじ04,35300,10.3,[JP][101672072]きょーか8,15000,-20,[JP][103999753]kotetsu0422,-2200,-47.2,250905-97da89fa-8bc2-4fa7-bb6c-9b472f8456ca,
2025-09-04 23:13:18,2025-09-05 00:03:14,no,[JP][108421391]・てぃー・,53900,58.9,[JP][99489737]閄くん,49800,24.8,[JP][103136012]ルート12345,400,-34.6,[JP][135989001]ちたーふ,-4100,-49.1,250904-96a3aac6-4e01-4f78-abf0-6449c0fa6142,
2025-09-04 22:33:56,2025-09-04 23:06:30,no,[JP][103136012]ルート12345,47800,52.8,[JP][113140034]クロミです,42600,17.6,[JP][99489737]閄くん,5500,-29.5,[JP][108421391]・てぃー・,4100,-40.9,250904-a6ce6ba9-95c4-4bc3-9735-36cf88aac070,
2025-09-04 21:36:51,2025-09-04 22:11:55,no,[JP][113140034]クロミです,36700,41.7,[JP][103136012]ルート12345,27000,2,[JP][140723146]琴音04,21300,-13.7,[JP][83696646]伊達の鬼,15000,-30,250904-db491e76-a20b-4a71-8bcd-257cb2972b11,
2025-09-04 01:26:17,2025-09-04 02:02:19,no,[JP][86425605]suzuken3,53900,58.9,[JP][103999753]kotetsu0422,41100,16.1,[JP][103058248]にへぴ,8700,-26.3,[JP][130471044]やまちちまる,-3700,-48.7,250904-4bb9600f-6f9f-4472-8112-fd7f868e65fc,
2025-09-03 23:30:59,2025-09-04 00:19:52,no,[JP][103136012]ルート12345,47000,52,[JP][139649794]SaRa,43700,18.7,[JP][113140034]クロミです,28800,-6.2,[JP][135989001]ちたーふ,-19500,-64.5,250903-e0a8ac32-f256-4c48-b3f4-783299547d18,
2025-09-03 22:26:41,2025-09-03 23:03:34,no,[JP][113140034]クロミです,38900,43.9,[JP][135989001]ちたーふ,25900,0.9,[JP][103136012]ルート12345,20100,-14.9,[JP][86425605]suzuken3,15100,-29.9,250903-ae2d055e-b5ea-4751-8c38-d61f2a8f9e1f,
2025-09-03 21:02:12,2025-09-03 22:22:48,no,[JP][135989001]ちたーふ,54500,59.5,[JP][140723146]琴音04,25500,0.5,[JP][115450126]Kasumisou,13200,-21.8,[JP][113140034]クロミです,6800,-38.2,250903-e5afb55b-c73d-4372-b3bd-7eed7b07a056,
2025-09-03 20:43:38,2025-09-03 21:33:13,no,[JP][96350216]HARUBOKKURl,54400,59.4,[JP][86425605]suzuken3,32400,7.4,[JP][139649794]SaRa,10100,-24.9,[JP][122700559]ひつじ04,3100,-41.9,250903-c0f1b968-bb13-411b-82d5-34ecec893808,
2025-09-03 00:40:19,2025-09-03 01:46:47,no,[JP][113140034]クロミです,58800,63.8,[JP][103999753]kotetsu0422,19500,-5.5,[JP][86425605]suzuken3,17400,-17.6,[JP][135989001]ちたーふ,4300,-40.7,250902-ade0f68c-4bc6-46e1-98ac-ca1866e3a1de,
2025-09-02 23:18:54,2025-09-02 23:56:18,no,[JP][113140034]クロミです,52200,57.2,[JP][103136012]ルート12345,23100,-1.9,[JP][86425605]suzuken3,14900,-20.1,[JP][99489737]閄くん,9800,-35.2,250902-249ddbfb-11d0-4f6e-83ab-98326e5b28ef,
2025-09-02 22:48:48,2025-09-02 23:14:22,no,[JP][110084301]かんんちゃ,42500,47.5,[JP][103999753]kotetsu0422,41700,16.7,[JP][99489737]閄くん,12800,-22.2,[JP][86425605]suzuken3,3000,-42,250902-7ba54b46-dbd0-4997-a27c-721edd45b93f,
2025-09-02 22:20:31,2025-09-02 23:06:26,no,[JP][113140034]クロミです,32200,37.2,[JP][103473217]ねこぜ7272,28300,3.3,[JP][135989001]ちたーふ,26800,-8.2,[JP][115450126]Kasumisou,12700,-32.3,250902-ac20c091-1658-45b5-9b53-65eb600d1b6e,
2025-09-02 22:11:42,2025-09-02 22:45:55,no,[JP][110084301]かんんちゃ,60200,65.2,[JP][86425605]suzuken3,20700,-4.3,[JP][122700559]ひつじ04,9800,-25.2,[JP][99489737]閄くん,9300,-35.7,250902-2619f02d-fe2a-47a6-bc67-6e9dbaf255d9,
2025-09-02 21:32:24,2025-09-02 22:09:01,no,[JP][135989001]ちたーふ,37600,42.6,[JP][115450126]Kasumisou,30800,5.8,[JP][122700559]ひつじ04,28600,-6.4,[JP][86425605]suzuken3,3000,-42,250902-45482eb3-e91a-4857-b0d9-1915745d63d9,
2025-09-02 01:01:35,2025-09-02 01:29:48,no,[JP][103058248]にへぴ,39500,44.5,[JP][99489737]閄くん,21800,-3.2,[JP][103999753]kotetsu0422,19600,-15.4,[JP][113140034]クロミです,19100,-25.9,250902-b4c29a29-52b7-4a2e-b667-6a1cf1149e8f,
2025-09-01 23:29:47,2025-09-02 00:01:24,no,[JP][99259658]CVココア,33200,38.2,[JP][103058248]にへぴ,31100,6.1,[JP][113140034]クロミです,26200,-8.8,[JP][135989001]ちたーふ,9500,-35.5,250901-b9bfc235-69bc-4c77-aa40-c0dc274bd6c9,
2025-09-01 22:38:44,2025-09-01 23:18:46,no,[JP][103999753]kotetsu0422,50200,55.2,[JP][99489737]閄くん,19500,-5.5,[JP][86425605]suzuken3,17800,-17.2,[JP][135989001]ちたーふ,12500,-32.5,250901-7d6a24a2-58a0-43c8-a80c-ffd3905c83fe,
2025-09-01 21:59:38,2025-09-01 22:36:50,no,[JP][99259658]CVココア,67400,72.4,[JP][113140034]クロミです,19300,-5.7,[JP][101672072]きょーか8,17700,-17.3,[JP][103999753]kotetsu0422,-4400,-49.4,250901-03dd37c6-539d-4dea-97f7-10e0e04cba80,
2025-09-01 21:34:27,2025-09-01 22:07:23,no,[JP][140723146]琴音04,38800,43.8,[JP][86425605]suzuken3,34500,9.5,[JP][115450126]Kasumisou,22700,-12.3,[JP][99489737]閄くん,4000,-41,250901-2e93085c-b844-42d2-8087-9a925ab88498,
